subject,trimester,TBK_true
1,1,2.134717990877042
1,2,2.17572608100312
1,3,2.2850030672450905
2,1,2.2128023116627524
2,2,2.2607352393762308
2,3,2.238088850222979
3,1,2.2705209752932185
3,2,2.394026810411462
3,3,2.441590804499103
4,1,2.36965990899075
4,2,2.4478500303400716
4,3,2.307393791156388
5,1,2.53816381661726
5,2,2.522204725928808
5,3,2.7002597178771297
6,1,2.560087084117856
6,2,2.7486286255836077
6,3,2.4381456764898215
