{
  "cps_per_TBK": 94.44036667580238,
  "a": 1.0017906127860428,
  "b": 0.6751701360992658
}